FIC_ID,FECHA INICIALIZACION,FECHA FINALIZACION,FECHA REGISTRO
3198172,2025-04-14 0:00:00,2025-05-20 0:00:00,2025-03-28 18:02:41
3198170,2025-04-14 0:00:00,2025-05-20 0:00:00,2025-03-28 18:01:23
3198165,2025-04-14 0:00:00,2025-05-20 0:00:00,2025-03-28 18:03:56
3198164,2025-04-14 0:00:00,2025-05-20 0:00:00,2025-03-28 18:00:03
3198152,2025-04-11 0:00:00,2025-05-08 0:00:00,2025-03-28 17:49:11
3198149,2025-04-11 0:00:00,2025-05-08 0:00:00,2025-03-28 17:46:18
3198139,2025-04-09 0:00:00,2025-04-24 0:00:00,2025-03-28 17:33:07
3198138,2025-04-11 0:00:00,2025-05-08 0:00:00,2025-03-28 17:44:56
3198136,2025-04-11 0:00:00,2025-05-08 0:00:00,2025-03-28 17:43:25
3198123,2025-04-04 0:00:00,2025-05-07 0:00:00,2025-03-28 17:25:07
3198122,2025-04-04 0:00:00,2025-05-07 0:00:00,2025-03-28 17:25:01
3198121,2025-04-04 0:00:00,2025-05-07 0:00:00,2025-03-28 17:24:54
3198120,2025-04-04 0:00:00,2025-05-07 0:00:00,2025-03-28 17:24:47
3198106,2025-04-09 0:00:00,2025-04-24 0:00:00,2025-03-28 17:31:19
3198100,2025-04-02 0:00:00,2025-04-15 0:00:00,2025-03-28 17:14:22
3198099,2025-04-09 0:00:00,2025-04-24 0:00:00,2025-03-28 17:11:45
3198092,2025-04-04 0:00:00,2025-05-07 0:00:00,2025-03-28 17:02:40
3198091,2025-04-04 0:00:00,2025-05-07 0:00:00,2025-03-28 17:02:33
3198090,2025-04-04 0:00:00,2025-05-07 0:00:00,2025-03-28 17:02:26
3198082,2025-04-04 0:00:00,2025-05-07 0:00:00,2025-03-28 17:02:19
3198056,2025-04-04 0:00:00,2025-05-07 0:00:00,2025-03-28 16:38:55
3198055,2025-04-04 0:00:00,2025-05-07 0:00:00,2025-03-28 16:38:47
3198054,2025-04-01 0:00:00,2025-04-14 0:00:00,2025-03-28 16:38:45
3198053,2025-04-04 0:00:00,2025-05-07 0:00:00,2025-03-28 16:38:39
3198052,2025-04-04 0:00:00,2025-05-07 0:00:00,2025-03-28 16:38:30
3198048,2025-04-01 0:00:00,2025-04-14 0:00:00,2025-03-28 16:37:13
3198045,2025-04-01 0:00:00,2025-04-30 0:00:00,2025-03-28 16:32:29
3198042,2025-04-03 0:00:00,2025-05-05 0:00:00,2025-03-28 16:26:11
3197989,2025-04-09 0:00:00,2025-04-24 0:00:00,2025-03-28 16:03:41
3197984,2025-04-09 0:00:00,2025-04-24 0:00:00,2025-03-28 16:02:14
3197981,2025-04-09 0:00:00,2025-04-24 0:00:00,2025-03-28 16:00:47
3197978,2025-04-04 0:00:00,2025-05-07 0:00:00,2025-03-28 16:02:33
3197977,2025-04-04 0:00:00,2025-05-07 0:00:00,2025-03-28 16:02:27
3197976,2025-04-04 0:00:00,2025-05-07 0:00:00,2025-03-28 16:02:21
3197975,2025-04-04 0:00:00,2025-05-07 0:00:00,2025-03-28 16:02:14
3197973,2025-04-09 0:00:00,2025-04-24 0:00:00,2025-03-28 15:59:17
3197966,2025-04-07 0:00:00,2025-05-02 0:00:00,2025-03-28 15:53:49
3197965,2025-04-07 0:00:00,2025-05-02 0:00:00,2025-03-28 15:53:03
3197961,2025-04-07 0:00:00,2025-05-02 0:00:00,2025-03-28 15:51:25
3197952,2025-04-08 0:00:00,2025-05-08 0:00:00,2025-03-28 15:51:24
3197949,2025-04-08 0:00:00,2025-05-14 0:00:00,2025-03-28 15:48:33
3197948,2025-04-07 0:00:00,2025-05-02 0:00:00,2025-03-28 15:48:14
3197947,2025-04-08 0:00:00,2025-05-14 0:00:00,2025-03-28 15:47:02
3197936,2025-04-08 0:00:00,2025-05-08 0:00:00,2025-03-28 15:50:08
3197917,2025-04-08 0:00:00,2025-05-08 0:00:00,2025-03-28 15:39:05
3197911,2025-04-07 0:00:00,2025-05-07 0:00:00,2025-03-28 15:33:17
3197910,2025-04-07 0:00:00,2025-05-07 0:00:00,2025-03-28 15:33:02
3197908,2025-04-03 0:00:00,2025-05-06 0:00:00,2025-03-28 15:30:49
3197907,2025-04-03 0:00:00,2025-05-06 0:00:00,2025-03-28 15:30:42
3197906,2025-04-03 0:00:00,2025-05-06 0:00:00,2025-03-28 15:30:35
3197905,2025-04-03 0:00:00,2025-05-06 0:00:00,2025-03-28 15:30:28
3197896,2025-04-08 0:00:00,2025-05-08 0:00:00,2025-03-28 15:37:49
3197894,2025-04-08 0:00:00,2025-05-08 0:00:00,2025-03-28 15:36:18
3197893,2025-04-08 0:00:00,2025-05-08 0:00:00,2025-03-28 15:34:53
3197890,2025-04-01 0:00:00,2025-04-14 0:00:00,2025-03-28 15:23:51
3197888,2025-04-01 0:00:00,2025-04-14 0:00:00,2025-03-28 15:22:31
3197885,2025-04-01 0:00:00,2025-04-14 0:00:00,2025-03-28 15:20:53
3197874,2025-04-01 0:00:00,2025-04-28 0:00:00,2025-03-28 15:15:47
3197870,2025-04-01 0:00:00,2025-04-28 0:00:00,2025-03-28 15:14:16
3197869,2025-04-03 0:00:00,2025-05-06 0:00:00,2025-03-28 15:14:14
3197868,2025-04-03 0:00:00,2025-05-06 0:00:00,2025-03-28 15:14:06
3197867,2025-04-03 0:00:00,2025-05-06 0:00:00,2025-03-28 15:13:56
3197866,2025-04-03 0:00:00,2025-05-06 0:00:00,2025-03-28 15:13:44
3197855,2025-04-04 0:00:00,2025-05-12 0:00:00,2025-03-28 15:13:48
3197845,2025-04-01 0:00:00,2025-05-07 0:00:00,2025-03-28 15:02:13
3197844,2025-04-01 0:00:00,2025-05-07 0:00:00,2025-03-28 15:02:09
3197792,2025-04-03 0:00:00,2025-05-06 0:00:00,2025-03-28 14:24:21
3197791,2025-04-03 0:00:00,2025-05-06 0:00:00,2025-03-28 14:24:13
3197790,2025-04-03 0:00:00,2025-05-06 0:00:00,2025-03-28 14:24:09
3197789,2025-04-03 0:00:00,2025-05-06 0:00:00,2025-03-28 14:24:04
3197757,2025-04-03 0:00:00,2025-05-06 0:00:00,2025-03-28 14:10:31
3197755,2025-04-03 0:00:00,2025-05-06 0:00:00,2025-03-28 14:10:27
3197753,2025-04-03 0:00:00,2025-05-06 0:00:00,2025-03-28 14:10:21
3197752,2025-04-03 0:00:00,2025-05-06 0:00:00,2025-03-28 14:10:16
3197723,2025-04-02 0:00:00,2025-05-05 0:00:00,2025-03-28 13:50:57
3197722,2025-04-02 0:00:00,2025-05-05 0:00:00,2025-03-28 13:50:52
3197721,2025-04-02 0:00:00,2025-05-05 0:00:00,2025-03-28 13:50:46
3197720,2025-04-02 0:00:00,2025-05-05 0:00:00,2025-03-28 13:50:40
3197704,2025-04-02 0:00:00,2025-05-05 0:00:00,2025-03-28 13:31:59
3197703,2025-04-02 0:00:00,2025-05-05 0:00:00,2025-03-28 13:31:54
3197702,2025-04-02 0:00:00,2025-05-05 0:00:00,2025-03-28 13:31:48
3197701,2025-04-02 0:00:00,2025-05-05 0:00:00,2025-03-28 13:31:43
3197565,2025-03-31 0:00:00,2025-05-06 0:00:00,2025-03-28 11:35:11
3197562,2025-03-31 0:00:00,2025-05-06 0:00:00,2025-03-28 11:33:58
3197558,2025-03-31 0:00:00,2025-04-29 0:00:00,2025-03-28 11:26:07
3197536,2025-03-31 0:00:00,2025-04-29 0:00:00,2025-03-28 11:24:50
3197535,2025-03-31 0:00:00,2025-04-29 0:00:00,2025-03-28 11:23:35
3197534,2025-03-31 0:00:00,2025-04-29 0:00:00,2025-03-28 11:22:18
3197525,2025-04-03 0:00:00,2025-05-09 0:00:00,2025-03-28 11:13:59
3197522,2025-04-03 0:00:00,2025-05-09 0:00:00,2025-03-28 11:12:27
3197509,2025-04-01 0:00:00,2025-04-15 0:00:00,2025-03-28 11:05:29
3197503,2025-04-01 0:00:00,2025-04-15 0:00:00,2025-03-28 11:06:48
3197487,2025-04-01 0:00:00,2025-04-15 0:00:00,2025-03-28 11:04:01
3197483,2025-04-01 0:00:00,2025-04-15 0:00:00,2025-03-28 11:02:39
3197472,2025-04-01 0:00:00,2025-04-15 0:00:00,2025-03-28 10:59:42
3197469,2025-04-01 0:00:00,2025-04-15 0:00:00,2025-03-28 10:58:27
3197463,2025-04-01 0:00:00,2025-04-15 0:00:00,2025-03-28 10:57:10
3197460,2025-04-01 0:00:00,2025-04-15 0:00:00,2025-03-28 10:55:54
3197432,2025-04-01 0:00:00,2025-05-07 0:00:00,2025-03-28 10:48:22
3197431,2025-04-01 0:00:00,2025-05-07 0:00:00,2025-03-28 10:48:14
3197430,2025-04-01 0:00:00,2025-05-07 0:00:00,2025-03-28 10:48:11
3197429,2025-04-01 0:00:00,2025-04-15 0:00:00,2025-03-28 10:47:19
3197428,2025-04-01 0:00:00,2025-04-15 0:00:00,2025-03-28 10:45:51
3197426,2025-04-01 0:00:00,2025-04-15 0:00:00,2025-03-28 10:51:16
3197405,2025-04-01 0:00:00,2025-04-15 0:00:00,2025-03-28 10:43:56
3197361,2025-04-01 0:00:00,2025-04-28 0:00:00,2025-03-28 10:21:48
3144501,,,
3142433,,,
3141821,,,
3145644,,,